hsty.njty@example.com,نجاتی,هستی,QD5TVSA7QQM7YXU4,"شیراز, کرمان",13/05/2021
khwrwsh.rdyy@example.com,رضایی,کوروش,INRVUT2YZWAFOYKR,"شیراز, خوزستان",04/11/2020
hmd.mhmdkhn@example.com,محمدخان,حامد,NQC2ASBA8O1UK0D1,"شهریار, مرکزی",05/11/2020
aalyrd.prs@example.com,پارسا,علیرضا,RFJ49CKRC9MCSFPG,"زنجان, تهران",27/05/2020
byt.glshn@example.com,گلشن,بیتا,HKH66ZXQOKRU17RF,"شهریار, گیلان",04/07/2020
yld.mhmdkhn@example.com,محمدخان,یلدا,6CEJLVEI9UIGJQAM,"بروجرد, گیلان",25/02/2021
mhdy.rdyy@example.com,رضایی,مهدي,QTOB7YBRZHJQOVR9,"بیرجند, زنجان",06/07/2020
pwry.njty@example.com,نجاتی,پوریا,MIOC27UKOMSPSZG8,"اراک, ایلام",16/12/2020
khwrwsh.mhmdkhn@example.com,محمدخان,کوروش,81RWAUEWTTEI26JJ,"بابل, ایلام",09/10/2020
brn.khwty@example.com,کوتی,باران,CUNLTVPXQUQR5L98,"قائم‌شهر, گلستان",07/05/2021
