madeleine.lewis@example.com,Lewis,Madeleine,KKGQI9BEGMR3RFS0,"Dunedin, Taranaki",07/03/2021
terry.webb@example.com,Webb,Terry,Z20H0D8LDN43BARM,"Erie, Hawaii",09/25/2020
emilie.mortensen@example.com,Mortensen,Emilie,MJYSYO8D9MZWMACH,"Saltum, Hovedstaden",20-02-2021
suleni.dacruz@example.com,da Cruz,Suleni,VVJD7ZHHEOKRXI8M,"São Vicente, Rio Grande do Norte",09-02-2021
eva.tremblay@example.com,Tremblay,Eva,7ZFMWJTHW15NW6OY,"Cartwright, Nunavut",20210301
yolanda.torres@example.com,Torres,Yolanda,ZTWXZXGVKCJLNT77,"Port Macquarie, Tasmania",10-04-2021
silvia.ferrer@example.com,Ferrer,Marina,MVZVB2SMOSGOLZAN,"Almería, Andalucía",03/08/20
gerardo.parra@example.com,Parra,Gerardo,T0QPMBIML9N8R3UX,"Orihuela, Extremadura",10-06-20
alex@algos.it,Hella,Mario,EMVEKCE5WLFXPDY6,"Tau, Finnmark - Finnmárku",15-12-21
alvaro.lemaire@example.com,Lemaire,Alvaro,RGJ6YARKYC1KEHKH,"Läufelfingen, Ticino",16/09/2020
