regine.marx@example.com,Marx,Regine,X1KPGSFBKRI0NFHY,"Bernau Bei Berlin, Nordrhein-Westfalen",24/10/2020
marin.dupont@example.com,Dupont,Marin,A83FYMRLX0CAGNEF,"Roubaix, Var",04/01/2021
sara.polon@example.com,Polon,Sara,WIM05AT9TBH1TYDX,"Kivijärvi, Southern Ostrobothnia",15/07/2020
maeline.schmitt@example.com,Schmitt,Maëline,ZVSCRUOOYPDUH96E,"Bordeaux, Haute-Corse",29/07/2020
pablo.laurent@example.com,Laurent,Pablo,BSCNG3BYQHRRPRGV,"Créteil, Corse-du-Sud",30/11/2020
hmd.mhmdkhn@example.com,محمدخان,حامد,NQC2ASBA8O1UK0D1,"شهریار, مرکزی",05/11/2020
sedef.adan@example.com,Adan,Sedef,XPSFN0APY76DNIC0,"Osmaniye, Afyonkarahisar",04/04/2021
olga.soto@example.com,Soto,Olga,RUNOSSMAWN8TMP9K,"San Sebastián, Cantabria",28/12/2020
bobby.wells@example.com,Wells,Bobby,XOIYFC8WRVLMRXMO,"Limerick, Meath",27/03/2021
vlado.heinen@example.com,Heinen,Vlado,MXKOCE08ZXPBVWNL,"Oldenburg In Holstein, Nordrhein-Westfalen",21/03/2021
